participant_id,agent_type,group,modality,voice,distance,word
0,0,0,0,0,1.741528,Rabbit
0,0,0,2,0,2.313717,Rabbit
0,0,0,1,0,2.162272,Rabbit
0,0,0,1,0,2.00211,Dream
0,0,0,0,1,2.999914, TOO_NEAR
0,0,0,0,1,2.999408, TOO_NEAR
0,0,0,0,1,2.997116, TOO_NEAR
0,0,0,0,1,2.999797, TOO_NEAR
0,0,0,0,1,2.999944, TOO_NEAR
0,0,0,0,1,3.667504,Hotel
0,0,0,1,1,2.992118, TOO_NEAR
0,0,0,1,1,3.415169,Calculator
0,0,0,1,1,2.997813, TOO_NEAR
0,0,0,1,1,2.791647,Football
0,0,0,2,1,2.999558, TOO_NEAR
0,0,0,2,1,2.976643,Vegas
0,0,0,2,1,2.995064, TOO_NEAR
0,0,0,2,1,3.770815,Calculator
0,1,1,0,0,3.836595,Icecream
0,1,1,2,0,2.853778,Holiday
0,1,1,1,0,2.907185,Brains
0,1,1,1,0,2.708824,Rabbit
0,1,1,0,1,2.992651, TOO_NEAR
0,1,1,0,1,2.77057,Pizza
0,1,1,1,1,3.23033,Holiday
0,1,1,1,1,3.14345,Hotel
0,1,1,1,1,2.999706, TOO_NEAR
0,1,1,2,1,3.092672,Calculator
0,1,1,2,1,2.998952, TOO_NEAR
0,1,1,2,1,2.952696,Android
1,0,0,0,0,1.223713,Seaside
1,0,0,1,0,1.102413,Pizza
1,0,0,1,0,0.9660906,Aquarium
1,0,0,2,0,0.8537182,Android
1,0,0,0,1,2.992939, TOO_NEAR
1,0,0,0,1,3.505939,Garlic
1,0,0,2,1,2.997355, TOO_NEAR
1,0,0,2,1,3.286982,Brains
1,0,0,1,1,2.994987, TOO_NEAR
1,0,0,1,1,3.521713,Zombie
1,1,1,2,0,3.48283,Vegas
1,1,1,1,0,1.191872,Garlic
1,1,1,1,0,1.406368,Pizza
1,1,1,0,1,2.999904, TOO_NEAR
1,1,1,0,1,4.014062,Football
1,1,1,2,1,3.422838,Aquarium
1,1,1,1,1,3.267297,Orchestra
1,1,1,1,1,3.343735,Football
2,0,0,0,0,1.623305,Seaside
2,0,0,2,0,1.510699,Holiday
2,0,0,2,0,1.816206,Aquarium
2,0,0,1,0,1.571083,Brains
2,0,0,1,0,1.538621,Android
2,0,0,0,1,1.476489,Tent
2,0,0,0,1,2.997602, TOO_NEAR
2,0,0,0,1,2.999076, TOO_NEAR
2,0,0,1,1,3.613554,Hotel
2,0,0,1,1,2.999699, TOO_NEAR
2,0,0,1,1,3.697972,Clown
2,0,0,2,1,3.550447,Rabbit
2,0,0,2,1,3.948387,Tent
2,1,1,0,0,3.399847,Pizza
2,1,1,1,0,3.010422,Icecream
2,1,1,1,0,3.243413,Orchestra
2,1,1,2,0,3.360641,Calculator
2,1,1,2,0,3.314456,Jetpack
2,1,1,0,1,3.366095,Garlic
2,1,1,2,1,3.394689,Zombie
2,1,1,2,1,3.405847,Tent
2,1,1,1,1,3.435636,Pizza
2,1,1,1,1,3.45663,Calculator
3,1,0,0,0,1.055971,Android
3,1,0,1,0,0.9094993,Aquarium
3,1,0,1,0,0.7137533,Icecream
3,1,0,2,0,0.7482153,Garlic
3,1,0,2,0,0.6648829,Brains
3,1,0,0,1,0.6904207,Tent
3,1,0,2,1,1.122203,Icecream
3,1,0,2,1,0.7873806,Clown
3,1,0,1,1,1.059715,Hotel
3,1,0,1,1,0.8532833,Icecream
3,0,1,0,0,1.14219,Zombie
3,0,1,1,0,1.109673,Tent
3,0,1,1,0,1.062404,Football
3,0,1,2,0,0.9944952,Hotel
3,0,1,2,0,1.257802,Calculator
3,0,1,0,1,2.552034, TOO_NEAR
3,0,1,0,1,1.258329,Zombie
3,0,1,2,1,1.186505,Aquarium
3,0,1,2,1,0.9191629,Pizza
3,0,1,1,1,1.053099,Orchestra
3,0,1,1,1,0.9805238,Icecream
4,1,0,0,0,1.272095,Seaside
4,1,0,2,0,1.436729,Orchestra
4,1,0,2,0,1.458585,Tent
4,1,0,1,0,1.590118,Android
4,1,0,1,0,1.717185,Aquarium
4,1,0,0,1,2.993638, TOO_NEAR
4,1,0,0,1,2.880932,Football
4,1,0,1,1,2.997942, TOO_NEAR
4,1,0,1,1,2.152007,Zombie
4,1,0,1,1,2.997606, TOO_NEAR
4,1,0,1,1,2.256231,Rabbit
4,1,0,2,1,2.997888, TOO_NEAR
4,1,0,2,1,2.345989,Orchestra
4,1,0,2,1,2.998188, TOO_NEAR
4,1,0,2,1,2.53403,Rabbit
4,0,1,0,0,1.502848,Zombie
4,0,1,2,0,1.650096,Jetpack
4,0,1,2,0,1.262814,Icecream
4,0,1,1,0,1.397117,Calculator
4,0,1,1,0,1.624139,Tent
4,0,1,0,1,2.995634, TOO_NEAR
4,0,1,0,1,2.628959,Pizza
4,0,1,0,1,2.999125, TOO_NEAR
4,0,1,2,1,2.993956, TOO_NEAR
4,0,1,2,1,2.496688,Hotel
4,0,1,2,1,2.999988, TOO_NEAR
4,0,1,2,1,2.512426,Holiday
4,0,1,1,1,2.999519, TOO_NEAR
4,0,1,1,1,2.44486,Vegas
4,0,1,1,1,2.997189, TOO_NEAR
4,0,1,1,1,2.166644,Vegas
5,0,0,0,0,1.514171,Garlic
5,0,0,2,0,1.233978,Dream
5,0,0,2,0,1.213998,Pizza
5,0,0,1,0,1.105387,Football
5,0,0,1,0,1.087401,Android
5,0,0,0,1,2.985662, TOO_NEAR
5,0,0,0,1,1.287295,Dream
5,0,0,1,1,2.999115, TOO_NEAR
5,0,0,1,1,2.220619,Rabbit
5,0,0,1,1,2.996323, TOO_NEAR
5,0,0,1,1,2.862686,Dream
5,0,0,2,1,2.997868, TOO_NEAR
5,0,0,2,1,2.999619, TOO_NEAR
5,0,0,2,1,2.990089,Seaside
5,0,0,2,1,2.995069, TOO_NEAR
5,0,0,2,1,2.993996, TOO_NEAR
5,0,0,2,1,3.169865,Rabbit
5,1,1,0,0,1.311441,Holiday
5,1,1,1,0,1.09734,Holiday
5,1,1,1,0,1.045496,Icecream
5,1,1,2,0,1.142832,Vegas
5,1,1,2,0,0.9392954,Rabbit
5,1,1,0,1,2.994127, TOO_NEAR
5,1,1,0,1,2.998966, TOO_NEAR
5,1,1,0,1,3.396314,Hotel
5,1,1,2,1,2.996127, TOO_NEAR
5,1,1,2,1,3.232386,Jetpack
5,1,1,2,1,2.994705, TOO_NEAR
5,1,1,2,1,3.123269,Football
5,1,1,1,1,2.995964, TOO_NEAR
5,1,1,1,1,3.074456,Icecream
5,1,1,1,1,2.998522, TOO_NEAR
5,1,1,1,1,3.145923,Dream
6,1,0,0,0,1.493332,Vegas
6,1,0,2,0,1.145673,Android
6,1,0,2,0,1.234753,Seaside
6,1,0,1,0,1.032861,Garlic
6,1,0,1,0,1.058096,Zombie
6,1,0,0,1,2.997071, TOO_NEAR
6,1,0,0,1,2.998919, TOO_NEAR
6,1,0,0,1,3.145072,Clown
6,1,0,2,1,2.995873, TOO_NEAR
6,1,0,2,1,3.157667,Hotel
6,1,0,2,1,3.194067,Calculator
6,1,0,1,1,2.999477, TOO_NEAR
6,1,0,1,1,3.14798,Jetpack
6,1,0,1,1,2.617225, TOO_NEAR
6,1,0,1,1,2.985984, TOO_NEAR
6,1,0,1,1,2.998623, TOO_NEAR
6,1,0,1,1,3.125517,Zombie
6,1,0,1,1,2.999058, TOO_NEAR
6,1,0,1,1,2.999541, TOO_NEAR
6,1,0,1,1,2.997931, TOO_NEAR
6,0,1,0,0,1.100176,Calculator
6,0,1,2,0,1.319453,Brains
6,0,1,2,0,1.318144,Seaside
6,0,1,1,0,1.114474,Hotel
6,0,1,1,0,1.150777,Jetpack
6,0,1,0,1,2.991408, TOO_NEAR
6,0,1,0,1,3.238624,Aquarium
6,0,1,0,1,2.931051, TOO_NEAR
6,0,1,1,1,2.998536, TOO_NEAR
6,0,1,1,1,3.214503,Aquarium
6,0,1,1,1,2.983024, TOO_NEAR
6,0,1,1,1,2.996182, TOO_NEAR
6,0,1,1,1,3.216765,Android
6,0,1,2,1,2.999646, TOO_NEAR
6,0,1,2,1,3.246169,Jetpack
6,0,1,2,1,2.991436, TOO_NEAR
6,0,1,2,1,3.221129,Garlic
6,0,1,2,1,2.994319, TOO_NEAR
7,0,0,0,0,1.466035,Orchestra
7,0,0,1,0,1.188344,Zombie
7,0,0,1,0,1.455378,Hotel
7,0,0,2,0,1.523002,Android
7,0,0,2,0,1.331605,Android
7,0,0,0,1,2.999496, TOO_NEAR
7,0,0,0,1,2.583636,Holiday
7,0,0,1,1,2.992499, TOO_NEAR
7,0,0,1,1,2.604967,Jetpack
7,0,0,1,1,3.043344,Garlic
7,0,0,2,1,2.999427, TOO_NEAR
7,0,0,2,1,2.526328,Brains
7,0,0,2,1,2.998948, TOO_NEAR
7,0,0,2,1,2.543147,Holiday
7,1,1,0,0,2.351987,Zombie
7,1,1,2,0,2.33898,Tent
7,1,1,2,0,3.04865,Tent
7,1,1,1,0,3.199819,Brains
7,1,1,1,0,3.263517,Android
7,1,1,0,1,3.017923,Rabbit
7,1,1,0,1,2.999465, TOO_NEAR
7,1,1,0,1,2.999459, TOO_NEAR
7,1,1,2,1,3.214676,Dream
7,1,1,2,1,3.014226,Zombie
7,1,1,2,1,2.999929, TOO_NEAR
7,1,1,1,1,3.564149,Hotel
7,1,1,1,1,2.998446, TOO_NEAR
7,1,1,1,1,3.296837,Seaside
8,0,0,0,0,2.616618,Seaside
8,0,0,2,0,1.158215,Pizza
8,0,0,2,0,1.236385,Icecream
8,0,0,1,0,1.320591,Icecream
8,0,0,1,0,1.353707,Dream
8,0,0,0,1,1.530161,Aquarium
8,0,0,2,1,1.543423,Icecream
8,0,0,2,1,1.532819,Football
8,0,0,1,1,1.437084,Clown
8,0,0,1,1,1.459482,Icecream
8,1,1,0,0,1.315091,Seaside
8,1,1,2,0,1.259155,Icecream
8,1,1,2,0,1.458821,Pizza
8,1,1,1,0,1.415666,Jetpack
8,1,1,1,0,1.275507,Pizza
8,1,1,0,1,1.282802,Calculator
8,1,1,2,1,1.265159,Football
8,1,1,2,1,1.255599,Orchestra
8,1,1,1,1,0.8695927,Zombie
8,1,1,1,1,2.214791, TOO_NEAR
8,1,1,1,1,1.523836,Orchestra
9,0,0,0,0,1.538659,Clown
9,0,0,2,0,1.184751,Tent
9,0,0,2,0,1.051115,Holiday
9,0,0,1,0,1.292337,Seaside
9,0,0,1,0,1.20974,Dream
9,0,0,0,1,1.08336,Dream
9,0,0,0,1,2.998368, TOO_NEAR
9,0,0,0,1,2.935771, TOO_NEAR
9,0,0,2,1,1.38726,Orchestra
9,0,0,2,1,1.227958,Zombie
9,0,0,1,1,1.4238,Vegas
9,0,0,1,1,1.282828,Calculator
9,0,0,1,1,2.990503, TOO_NEAR
9,1,1,0,0,1.503321,Football
9,1,1,1,0,1.359091,Rabbit
9,1,1,1,0,1.550531,Rabbit
9,1,1,2,0,1.458272,Rabbit
9,1,1,2,0,1.391624,Jetpack
9,1,1,0,1,1.396221,Football
9,1,1,2,1,1.452786,Orchestra
9,1,1,2,1,1.203862,Garlic
9,1,1,1,1,1.272741,Holiday
9,1,1,1,1,1.303898,Zombie
9,1,1,1,1,2.999951, TOO_NEAR
9,1,1,1,1,2.999446, TOO_NEAR
9,1,1,1,1,2.99921, TOO_NEAR
10,1,0,0,0,1.068061,Android
10,1,0,1,0,1.163816,Orchestra
10,1,0,1,0,1.135156,Hotel
10,1,0,2,0,1.341376,Holiday
10,1,0,2,0,1.380041,Football
10,1,0,0,1,2.989488, TOO_NEAR
10,1,0,0,1,2.877893,Football
10,1,0,1,1,2.995472, TOO_NEAR
10,1,0,1,1,3.109406,Rabbit
10,1,0,1,1,2.997773, TOO_NEAR
10,1,0,1,1,2.848399,Android
10,1,0,2,1,2.999552, TOO_NEAR
10,1,0,2,1,3.380109,Seaside
10,1,0,2,1,2.999691, TOO_NEAR
10,1,0,2,1,2.995769, TOO_NEAR
10,1,0,2,1,4.009531,Seaside
10,0,1,0,0,2.297828,Android
10,0,1,2,0,2.430176,Rabbit
10,0,1,2,0,2.183954,Garlic
10,0,1,1,0,1.917413,Vegas
10,0,1,1,0,1.897136,Aquarium
10,0,1,0,1,2.992335, TOO_NEAR
10,0,1,0,1,3.155269,Tent
10,0,1,1,1,2.996189, TOO_NEAR
10,0,1,1,1,3.275993,Holiday
10,0,1,1,1,2.991651, TOO_NEAR
10,0,1,1,1,3.276086,Tent
10,0,1,2,1,2.996232, TOO_NEAR
10,0,1,2,1,3.514045,Orchestra
10,0,1,2,1,3.1384,Orchestra
11,0,0,0,0,1.687645,Brains
11,0,0,1,0,1.502414,Orchestra
11,0,0,1,0,1.568335,Orchestra
11,0,0,2,0,1.56782,Football
11,0,0,2,0,1.586964,Football
11,0,0,0,1,2.990964, TOO_NEAR
11,0,0,0,1,2.833839,Aquarium
11,0,0,1,1,2.992232, TOO_NEAR
11,0,0,1,1,3.051701,Holiday
11,0,0,1,1,2.994125, TOO_NEAR
11,0,0,1,1,3.199615,Clown
11,0,0,1,1,2.943033, TOO_NEAR
11,0,0,2,1,2.995364, TOO_NEAR
11,0,0,2,1,3.126138,Jetpack
11,0,0,2,1,2.999056, TOO_NEAR
11,0,0,2,1,3.367444,Dream
11,1,1,0,0,1.38686,Orchestra
11,1,1,2,0,3.307821,Android
11,1,1,2,0,3.401033,Calculator
11,1,1,1,0,3.278237,Clown
11,1,1,1,0,3.263009,Jetpack
11,1,1,0,1,2.995298, TOO_NEAR
11,1,1,0,1,3.455701,Android
11,1,1,2,1,3.476948,Aquarium
11,1,1,2,1,3.400972,Brains
11,1,1,1,1,2.999297, TOO_NEAR
11,1,1,1,1,3.462287,Tent
11,1,1,1,1,2.997997, TOO_NEAR
11,1,1,1,1,3.290053,Brains
12,0,0,0,0,1.49729,Icecream
12,0,0,2,0,1.323021,Rabbit
12,0,0,2,0,1.338132,Garlic
12,0,0,1,0,1.320688,Zombie
12,0,0,1,0,1.381507,Tent
12,0,0,0,1,2.991293, TOO_NEAR
12,0,0,0,1,2.236846,Android
12,0,0,2,1,2.993304, TOO_NEAR
12,0,0,2,1,2.368193,Holiday
12,0,0,2,1,2.995145, TOO_NEAR
12,0,0,2,1,2.577347,Rabbit
12,0,0,1,1,2.997576, TOO_NEAR
12,0,0,1,1,2.57368,Android
12,0,0,1,1,2.99942, TOO_NEAR
12,0,0,1,1,2.829992,Seaside
12,1,1,0,0,2.270189,Zombie
12,1,1,1,0,2.46814,Dream
12,1,1,1,0,2.214682,Rabbit
12,1,1,2,0,2.110478,Zombie
12,1,1,2,0,2.02189,Clown
12,1,1,0,1,2.99762, TOO_NEAR
12,1,1,0,1,2.808118,Zombie
12,1,1,1,1,2.997979, TOO_NEAR
12,1,1,1,1,2.904178,Jetpack
12,1,1,1,1,3.242388,Icecream
12,1,1,2,1,3.071758,Rabbit
12,1,1,2,1,2.994975, TOO_NEAR
12,1,1,2,1,3.04251,Jetpack
13,0,0,0,0,1.821949,Football
13,0,0,1,0,1.40084,Pizza
13,0,0,1,0,1.577799,Orchestra
13,0,0,2,0,1.629709,Hotel
13,0,0,2,0,1.442265,Orchestra
13,0,0,0,1,1.441203,Pizza
13,0,0,1,1,2.99967, TOO_NEAR
13,0,0,1,1,2.998133, TOO_NEAR
13,0,0,1,1,2.999465, TOO_NEAR
13,0,0,1,1,2.996792,Jetpack
13,0,0,1,1,2.999621, TOO_NEAR
13,0,0,1,1,2.991056, TOO_NEAR
13,0,0,1,1,3.10146,Brains
13,0,0,1,1,2.999208, TOO_NEAR
13,0,0,2,1,3.320388,Zombie
13,0,0,2,1,2.99896, TOO_NEAR
13,0,0,2,1,2.594795, TOO_NEAR
13,0,0,2,1,2.998698, TOO_NEAR
13,0,0,2,1,2.992043, TOO_NEAR
13,0,0,2,1,2.999759, TOO_NEAR
13,0,0,2,1,3.013823,Brains
13,1,1,0,0,2.96652,Seaside
13,1,1,2,0,3.034833,Holiday
13,1,1,2,0,2.991351,Dream
13,1,1,1,0,2.807947,Holiday
13,1,1,1,0,2.834911,Seaside
13,1,1,0,1,2.619208,Holiday
13,1,1,0,1,2.999346, TOO_NEAR
13,1,1,1,1,3.278275,Football
13,1,1,1,1,2.999549, TOO_NEAR
13,1,1,1,1,2.997812, TOO_NEAR
13,1,1,1,1,3.566334,Icecream
13,1,1,1,1,2.98606, TOO_NEAR
13,1,1,2,1,3.510584,Garlic
13,1,1,2,1,2.997965, TOO_NEAR
13,1,1,2,1,2.892951, TOO_NEAR
13,1,1,2,1,3.339283,Garlic
13,1,1,2,1,2.994539, TOO_NEAR
13,1,1,2,1,2.997212, TOO_NEAR
14,0,0,0,0,2.08389,Icecream
14,0,0,1,0,1.561842,Pizza
14,0,0,1,0,1.713977,Football
14,0,0,2,0,1.604413,Aquarium
14,0,0,2,0,1.994988,Dream
14,0,0,0,1,2.99813, TOO_NEAR
14,0,0,0,1,3.012368,Rabbit
14,0,0,2,1,3.174128,Aquarium
14,0,0,2,1,2.998488, TOO_NEAR
14,0,0,2,1,3.315823,Android
14,0,0,1,1,3.216459,Pizza
14,0,0,1,1,3.228039,Vegas
14,1,1,0,0,3.306421,Orchestra
14,1,1,1,0,3.386495,Vegas
14,1,1,1,0,3.392488,Orchestra
14,1,1,2,0,3.261177,Holiday
14,1,1,2,0,3.310436,Tent
14,1,1,0,1,3.212448,Dream
14,1,1,1,1,2.997974, TOO_NEAR
14,1,1,1,1,3.366261,Icecream
14,1,1,1,1,3.307783,Calculator
14,1,1,2,1,3.27305,Brains
14,1,1,2,1,3.222793,Pizza
15,1,0,0,0,1.485348,Seaside
15,1,0,1,0,1.173799,Brains
15,1,0,1,0,1.168955,Tent
15,1,0,2,0,1.239026,Garlic
15,1,0,2,0,1.283321,Garlic
15,1,0,0,1,2.995704, TOO_NEAR
15,1,0,0,1,2.759295,Pizza
15,1,0,2,1,2.994586, TOO_NEAR
15,1,0,2,1,3.054607,Rabbit
15,1,0,2,1,2.995724, TOO_NEAR
15,1,0,2,1,3.055324,Pizza
15,1,0,1,1,2.99307, TOO_NEAR
15,1,0,1,1,2.987994, TOO_NEAR
15,1,0,1,1,3.959747,Android
15,1,0,1,1,2.998409, TOO_NEAR
15,1,0,1,1,3.142015,Garlic
15,1,0,1,1,2.992826, TOO_NEAR
15,1,0,1,1,2.999454, TOO_NEAR
15,0,1,0,0,2.476512,Clown
15,0,1,1,0,2.063014,Aquarium
15,0,1,1,0,2.038242,Icecream
15,0,1,2,0,2.157955,Pizza
15,0,1,2,0,2.070405,Clown
15,0,1,0,1,2.998734, TOO_NEAR
15,0,1,0,1,3.220045,Football
15,0,1,0,1,2.999126, TOO_NEAR
15,0,1,1,1,2.996263, TOO_NEAR
15,0,1,1,1,3.214241,Jetpack
15,0,1,1,1,2.997504, TOO_NEAR
15,0,1,1,1,2.995914, TOO_NEAR
15,0,1,1,1,3.282725,Android
15,0,1,1,1,2.998951, TOO_NEAR
15,0,1,2,1,2.999002, TOO_NEAR
15,0,1,2,1,3.135484,Zombie
15,0,1,2,1,2.997531, TOO_NEAR
15,0,1,2,1,3.067441,Brains
15,0,1,2,1,2.998599, TOO_NEAR
16,1,0,0,0,1.067578,Rabbit
16,1,0,1,0,1.121719,Holiday
16,1,0,1,0,1.012512,Clown
16,1,0,2,0,1.127548,Holiday
16,1,0,2,0,1.12704,Zombie
16,1,0,0,1,2.996617, TOO_NEAR
16,1,0,0,1,3.330525,Jetpack
16,1,0,2,1,2.999224, TOO_NEAR
16,1,0,2,1,2.850406,Tent
16,1,0,2,1,2.99981, TOO_NEAR
16,1,0,2,1,3.536544,Zombie
16,1,0,1,1,2.997213, TOO_NEAR
16,1,0,1,1,3.057055,Icecream
16,1,0,1,1,2.999104, TOO_NEAR
16,1,0,1,1,2.996926, TOO_NEAR
16,1,0,1,1,3.236052,Seaside
16,0,1,0,0,1.498426,Aquarium
16,0,1,2,0,1.437493,Seaside
16,0,1,2,0,1.258393,Football
16,0,1,1,0,1.316556,Dream
16,0,1,1,0,1.307151,Hotel
16,0,1,0,1,2.999861, TOO_NEAR
16,0,1,0,1,2.999508, TOO_NEAR
16,0,1,0,1,3.481205,Zombie
16,0,1,1,1,2.995327, TOO_NEAR
16,0,1,1,1,3.195314,Rabbit
16,0,1,1,1,2.997071, TOO_NEAR
16,0,1,1,1,2.993853, TOO_NEAR
16,0,1,1,1,3.163787,Vegas
16,0,1,2,1,2.994168, TOO_NEAR
16,0,1,2,1,2.954414,Zombie
16,0,1,2,1,2.992482, TOO_NEAR
16,0,1,2,1,2.997854, TOO_NEAR
16,0,1,2,1,3.433086,Garlic
17,1,0,0,0,1.713028,Holiday
17,1,0,2,0,1.712281,Seaside
17,1,0,2,0,1.983692,Holiday
17,1,0,1,0,2.159203,Pizza
17,1,0,1,0,2.125538,Icecream
17,1,0,0,1,2.999168, TOO_NEAR
17,1,0,0,1,2.756443,Seaside
17,1,0,1,1,2.593505,Clown
17,1,0,1,1,1.705375,Orchestra
17,1,0,2,1,1.805742,Orchestra
17,1,0,2,1,1.991027,Orchestra
17,0,1,0,0,2.018662,Brains
17,0,1,1,0,1.922835,Aquarium
17,0,1,1,0,1.734067,Rabbit
17,0,1,2,0,1.753848,Calculator
17,0,1,2,0,1.659922,Hotel
17,0,1,0,1,1.532111,Rabbit
17,0,1,2,1,1.245992,Hotel
17,0,1,2,1,1.340847,Dream
17,0,1,1,1,1.616915,Orchestra
17,0,1,1,1,1.610288,Calculator
18,1,0,0,0,2.588048,Orchestra
18,1,0,2,0,2.988853,Seaside
18,1,0,2,0,1.94429,Dream
18,1,0,1,0,2.053966,Clown
18,1,0,1,0,1.252625,Orchestra
18,1,0,0,1,1.86654,Aquarium
18,1,0,2,1,2.035076,Orchestra
18,1,0,2,1,2.320838,Football
18,1,0,1,1,2.153954, TOO_NEAR
18,1,0,1,1,1.932479,Icecream
18,1,0,1,1,2.63492,Pizza
18,1,0,1,1,2.92935, TOO_NEAR
18,0,1,0,0,3.20795,Hotel
18,0,1,1,0,2.505195,Calculator
18,0,1,1,0,2.602096,Aquarium
18,0,1,2,0,2.820645,Android
18,0,1,2,0,2.534472,Jetpack
18,0,1,0,1,2.627146,Football
18,0,1,1,1,2.544549,Holiday
18,0,1,1,1,2.76599,Tent
18,0,1,2,1,2.764159,Jetpack
18,0,1,2,1,2.647848,Aquarium
18,0,1,2,1,2.854933, TOO_NEAR
18,0,1,2,1,2.906626, TOO_NEAR
18,0,1,2,1,2.781534, TOO_NEAR
18,0,1,2,1,2.757437, TOO_NEAR
19,1,0,0,0,7.154342,Tent
19,1,0,1,0,3.212264,Hotel
19,1,0,1,0,2.971776,Football
19,1,0,2,0,3.160922,Tent
19,1,0,2,0,2.70642,Rabbit
19,1,0,0,1,3.067094,Android
19,1,0,1,1,2.997286, TOO_NEAR
19,1,0,1,1,2.999491, TOO_NEAR
19,1,0,1,1,2.999601, TOO_NEAR
19,1,0,1,1,3.033936,Brains
19,1,0,1,1,3.486157,Holiday
19,1,0,2,1,4.284439,Rabbit
19,1,0,2,1,3.082274,Calculator
19,0,1,0,0,3.158243,Orchestra
19,0,1,2,0,2.901661,Seaside
19,0,1,2,0,2.81217,Clown
19,0,1,1,0,2.9108,Rabbit
19,0,1,1,0,2.815454,Brains
19,0,1,0,1,2.99798, TOO_NEAR
19,0,1,0,1,3.175999,Icecream
19,0,1,1,1,2.99849, TOO_NEAR
19,0,1,1,1,2.969096,Tent
19,0,1,1,1,3.01896,Garlic
19,0,1,1,1,2.999899, TOO_NEAR
19,0,1,2,1,3.80365,Seaside
19,0,1,2,1,2.999544, TOO_NEAR
19,0,1,2,1,2.980278, TOO_NEAR
19,0,1,2,1,2.957392,Hotel
20,0,0,0,0,1.239796,Jetpack
20,0,0,2,0,1.547145,Vegas
20,0,0,2,0,1.368341,Clown
20,0,0,1,0,1.429963,Icecream
20,0,0,1,0,1.832222,Brains
20,0,0,0,1,2.993965, TOO_NEAR
20,0,0,0,1,2.991746, TOO_NEAR
20,0,0,0,1,3.207548,Rabbit
20,0,0,2,1,2.998998, TOO_NEAR
20,0,0,2,1,3.255609,Aquarium
20,0,0,2,1,2.99049, TOO_NEAR
20,0,0,2,1,1.57505,Icecream
20,0,0,1,1,2.995554, TOO_NEAR
20,0,0,1,1,3.220983,Jetpack
20,0,0,1,1,2.994297, TOO_NEAR
20,0,0,1,1,3.08705,Clown
20,1,1,0,0,3.520932,Football
20,1,1,1,0,2.066233,Pizza
20,1,1,1,0,2.578323,Aquarium
20,1,1,2,0,2.869218,Zombie
20,1,1,2,0,4.161459,Football
20,1,1,0,1,3.831629,Football
20,1,1,1,1,3.862124,Vegas
20,1,1,1,1,3.872279,Vegas
20,1,1,2,1,3.392578,Orchestra
20,1,1,2,1,4.367765,Tent
21,1,0,0,0,0.9331393,Vegas
21,1,0,1,0,1.198673,Android
21,1,0,1,0,1.152567,Garlic
21,1,0,2,0,1.42032,Rabbit
21,1,0,2,0,1.436171,Zombie
21,1,0,0,1,2.994936, TOO_NEAR
21,1,0,0,1,3.121084,Clown
21,1,0,2,1,2.999445, TOO_NEAR
21,1,0,2,1,3.820795,Jetpack
21,1,0,2,1,3.52101,Aquarium
21,1,0,1,1,3.185103,Dream
21,1,0,1,1,2.993905, TOO_NEAR
21,1,0,1,1,3.431112,Brains
21,0,1,0,0,1.750132,Hotel
21,0,1,2,0,2.676052,Garlic
21,0,1,2,0,2.778593,Garlic
21,0,1,1,0,1.676503,Holiday
21,0,1,1,0,1.550868,Clown
21,0,1,0,1,2.998826, TOO_NEAR
21,0,1,0,1,3.620276,Hotel
21,0,1,1,1,3.080453,Aquarium
21,0,1,1,1,2.998262, TOO_NEAR
21,0,1,1,1,3.583162,Vegas
21,0,1,2,1,3.159557,Icecream
21,0,1,2,1,3.185194,Orchestra
21,0,1,2,1,2.999826, TOO_NEAR
21,0,1,2,1,2.99728, TOO_NEAR
22,1,0,0,0,1.176083,Tent
22,1,0,1,0,2.153341,Tent
22,1,0,1,0,2.569841,Aquarium
22,1,0,2,0,2.771422,Orchestra
22,1,0,2,0,2.74122,Vegas
22,1,0,0,1,2.997053, TOO_NEAR
22,1,0,0,1,2.968616,Icecream
22,1,0,2,1,2.993641, TOO_NEAR
22,1,0,2,1,3.500753,Brains
22,1,0,2,1,2.998147, TOO_NEAR
22,1,0,2,1,3.697955,Tent
22,1,0,1,1,2.999513, TOO_NEAR
22,1,0,1,1,3.668553,Clown
22,1,0,1,1,2.99445, TOO_NEAR
22,1,0,1,1,3.572571,Football
22,0,1,0,0,0.8542263,Pizza
22,0,1,1,0,2.835518,Android
22,0,1,1,0,3.255093,Seaside
22,0,1,2,0,3.290258,Pizza
22,0,1,2,0,3.299025,Pizza
22,0,1,0,1,2.995999, TOO_NEAR
22,0,1,0,1,3.422121,Icecream
22,0,1,2,1,2.99668, TOO_NEAR
22,0,1,2,1,3.328911,Zombie
22,0,1,2,1,2.999564, TOO_NEAR
22,0,1,2,1,3.631338,Vegas
22,0,1,1,1,3.474896,Rabbit
22,0,1,1,1,3.588211,Orchestra
23,1,0,0,0,1.473922,Football
23,1,0,1,0,1.466122,Seaside
23,1,0,1,0,1.508331,Android
23,1,0,2,0,1.427032,Icecream
23,1,0,2,0,1.422187,Brains
23,1,0,0,1,2.983631, TOO_NEAR
23,1,0,0,1,2.731801,Seaside
23,1,0,1,1,2.991309, TOO_NEAR
23,1,0,1,1,3.422593,Calculator
23,1,0,1,1,3.48731,Tent
23,1,0,2,1,2.997772, TOO_NEAR
23,1,0,2,1,3.528842,Garlic
23,1,0,2,1,3.463401,Dream
23,0,1,0,0,2.70992,Holiday
23,0,1,1,0,3.060589,Clown
23,0,1,1,0,2.964434,Rabbit
23,0,1,2,0,2.920111,Hotel
23,0,1,2,0,2.590317,Rabbit
23,0,1,0,1,2.999871, TOO_NEAR
23,0,1,0,1,2.999418, TOO_NEAR
23,0,1,0,1,3.781727,Football
23,0,1,1,1,3.448153,Orchestra
23,0,1,1,1,3.243541,Football
23,0,1,2,1,3.358848,Hotel
23,0,1,2,1,3.399227,Calculator
24,1,0,0,0,1.372874,Aquarium
24,1,0,2,0,1.205404,Zombie
24,1,0,2,0,1.18857,Dream
24,1,0,1,0,1.102909,Dream
24,1,0,1,0,1.197563,Zombie
24,1,0,0,1,2.99412, TOO_NEAR
24,1,0,0,1,1.868564,Seaside
24,1,0,1,1,2.996402, TOO_NEAR
24,1,0,1,1,1.7118,Garlic
24,1,0,1,1,2.99315, TOO_NEAR
24,1,0,1,1,1.853806,Vegas
24,1,0,2,1,2.990355, TOO_NEAR
24,1,0,2,1,2.663575,Tent
24,1,0,2,1,2.995906, TOO_NEAR
24,1,0,2,1,3.173918,Seaside
24,0,1,0,0,1.538668,Aquarium
24,0,1,1,0,1.694401,Pizza
24,0,1,1,0,3.145785,Zombie
24,0,1,2,0,3.279133,Android
24,0,1,2,0,3.291891,Dream
24,0,1,0,1,2.998728, TOO_NEAR
24,0,1,0,1,2.999996, TOO_NEAR
24,0,1,0,1,3.262393,Jetpack
24,0,1,1,1,2.999856, TOO_NEAR
24,0,1,1,1,3.358253,Android
24,0,1,1,1,3.314285,Clown
24,0,1,2,1,3.287268,Orchestra
24,0,1,2,1,3.461659,Vegas